ckpt_dir,model_type,test_file,dp_epsilon,B_test_acc,B_test_f1_macro,B_test_f1_entailment,B_test_f1_contradiction,B_test_f1_neutral
checkpoints/ckpt_A2B_bert_dann_dp_eps0.05,dann,corpus_B/B_val.jsonl,0.05,0.7158931082981715,0.7057356260244796,0.5941644562334217,0.7995991983967936,0.7234432234432234
checkpoints/ckpt_A2B_bert_dann_dp_eps0.05,dann,corpus_B/B_val.jsonl,0.05,0.7158931082981715,0.7057356260244796,0.5941644562334217,0.7995991983967936,0.7234432234432234
